[
{
"pk": 1, 
"model": "auth.user", 
"fields": {
  "username": "admin", 
  "first_name": "", 
  "last_name": "", 
  "is_active": true, 
  "is_superuser": true, 
  "is_staff": true, 
  "last_login": "2008-11-01 19:59:16", 
  "groups": [], 
  "user_permissions": [], 
  "password": "sha1$82540$63ad33deebdc60d4769c8c22e7f5f6481dcf6d89", 
  "email": "admin@envirovote.us", 
  "date_joined": "2008-11-01 19:59:16"
  }
},
{
"model": "races.race",
"pk": 1,
"fields": {
    "race_type": "pre",
    "state": null,
    "district": null,
    "year": 2008,
    "last_race": 5,
    "is_key": false,
    "headline": "The big kahuna",
    "deck": "Who will be America's next top president?",
    "body": "I swore that I would stop watching America's Next Top Model aft",
    "tally_notes": "Fox News called the race with 25 out of 25 precincts reporting.",
    "tally_updated": "2008-11-02 12:12",
    "winner": 6,
    "projected": false
    }
},
{
"model": "races.race",
"pk": 2,
"fields": {
    "race_type": "hou",
    "state": "MO",
    "district": 1,
    "year": 2008,
    "last_race": 6,
    "is_key": true,
    "headline": "Missouri catfight",
    "deck": "Who will be Missouri's next top legislator?",
    "body": "I swore that I would stop watching America's Next Top Model after Cycle 4, but five seasons later, here I am, counting the days until these 13 would-be catwalkers strut their stuff across my TV. This year’s crop of doe-eyed, long-limbed beauties include Janet, an aesthetician from Georgia who looks like she’s been in front of a camera or two; Kimberly, an Ali Larter doppelganger; and the sixth Sara/Sarah to compete in the show (the last five were less than spectacular).\n\nFashion icon Twiggy, photographer Nigel Barker, and runway expert J. Alexander are back for another season behind the judges' table. I’m curious to see what Miss J will be using to countdown the fallen models. First it was numbers, then ruffles. Might I suggest a subtle, yet fierce candelabrum this year?",
    "tally_notes": "",
    "tally_updated": null,
    "winner": null,
    "projected": false
    }
},
{
"model": "races.race",
"pk": 3,
"fields": {
    "race_type": "sen",
    "state": "WA",
    "district": null,
    "year": 2008,
    "last_race": 7,
    "is_key": true,
    "headline": "Wacky Washington's wild ride",
    "deck": "Who will win in Walla Walla?",
    "body": "Walla Walla is the largest city in and the county seat of Walla Walla County, Washington, United States.[3] The population was 29,686 at the 2000 census. Walla Walla is in the southeastern region of Washington, approximately five hours by car from Seattle, Washington and thirteen miles from the Oregon border.\n\nWhitman College, Walla Walla Community College, and the Washington State Penitentiary are located in Walla Walla. Walla Walla University is located in nearby College Place, Washington. In addition, Baker Boyer Bank, the oldest bank in the state of Washington, was founded in Walla Walla in 1869.\n\nWalla Walla is famous for its sweet onions. Many wineries are located in the area and it is a popular vacation spot for wine enthusiasts.",
    "tally_notes": "The Associated Press called the race with 63 out of 95 precincts reporting.",
    "tally_updated": "2008-11-01 18:48",
    "winner": 1,
    "projected": true
    }
},
{
"model": "races.race",
"pk": 4,
"fields": {
    "race_type": "gov",
    "state": "IL",
    "district": null,
    "year": 2008,
    "last_race": 8,
    "is_key": false,
    "headline": "Blago's been busted!",
    "deck": "You wish it were true.",
    "body": "A Cook County judge on Wednesday removed a law firm that had been representing Illinois’ child-welfare agency in the criminal case of a former friend of Gov. Rod Blagojevich who faces charges of stealing $2 million from the state.\n\nAtty. Gen. Lisa Madigan’s office, which has complained about Blagojevich’s use of private law firms to represent state agencies, had asked that the firm of Meckler, Bulger and Tilson be prevented from representing the Department of Children and Family Services in the case of Anita Mahajan, who is accused of billing the state for drug tests that her firm, K.K. Bio-Science, did not perform.\n\nMadigan’s office argued that only the attorney general has the authority to represent state agencies in court or hire outside firms for that work.",
    "tally_notes": "CBS called the race with 95 out of 95 precincts reporting.",
    "tally_updated": "2008-11-01 19:48",
    "winner": 4,
    "projected": false
    }
},
{
"model": "races.race",
"pk": 5,
"fields": {
    "race_type": "pre",
    "state": null,
    "district": null,
    "year": 2004,
    "is_key": false,
    "headline": "",
    "deck": "",
    "body": "",
    "tally_notes": "",
    "tally_updated": null,
    "winner": 13,
    "projected": false
    }
},
{
"model": "races.race",
"pk": 6,
"fields": {
    "race_type": "hou",
    "state": "MO",
    "district": 1,
    "year": 2006,
    "is_key": false,
    "headline": "",
    "deck": "",
    "body": "",
    "tally_notes": "",
    "tally_updated": null,
    "winner": 16,
    "projected": false
    }
},
{
"model": "races.race",
"pk": 7,
"fields": {
    "race_type": "sen",
    "state": "WA",
    "district": null,
    "year": 2002,
    "is_key": false,
    "headline": "",
    "deck": "",
    "body": "",
    "tally_notes": "",
    "tally_updated": null,
    "winner": 9,
    "projected": false
    }
},
{
"model": "races.race",
"pk": 8,
"fields": {
    "race_type": "gov",
    "state": "IL",
    "district": null,
    "year": 2005,
    "is_key": false,
    "headline": "",
    "deck": "",
    "body": "",
    "tally_notes": "",
    "tally_updated": null,
    "winner": 1,
    "projected": false
    }
},
{
"model": "races.race",
"pk": 9,
"fields": {
    "race_type": "hou",
    "state": "WA",
    "district": 2,
    "year": 2008,
    "last_race": 10,
    "is_key": false,
    "headline": "",
    "deck": "",
    "body": "",
    "tally_notes": "",
    "tally_updated": null,
    "winner": null,
    "projected": false
    }
},
{
"model": "races.race",
"pk": 10,
"fields": {
    "race_type": "hou",
    "state": "WA",
    "district": 3,
    "year": 2008,
    "last_race": 11,
    "is_key": false,
    "headline": "",
    "deck": "",
    "body": "",
    "tally_notes": "CBS called the race with 95 out of 95 precincts reporting.",
    "tally_updated": "2008-11-01 19:48",
    "winner": 25,
    "projected": true
    }
},
{
"model": "races.race",
"pk": 11,
"fields": {
    "race_type": "hou",
    "state": "WA",
    "district": 3,
    "year": 2006,
    "last_race": null,
    "is_key": false,
    "headline": "",
    "deck": "",
    "body": "",
    "tally_notes": "",
    "tally_updated": null,
    "winner": 26,
    "projected": false
    }
},
{
"model": "races.candidate",
"pk": 1,
"fields": {
    "name": "Edward M. 'Ted' Kennedy, Sr.",
    "photo": "http://www.votesmart.org/canphoto/53305.jpg",
    "party_type":"D",
    "race": 3,
    "is_key": true,
    "last_elected": "2001",
    "votes": 1234567
    }
},
{
"model": "races.candidate",
"pk": 2,
"fields": {
    "name": "Jeffrey K. Beatty",
    "photo": "http://www.votesmart.org/canphoto/nophoto.gif",
    "party_type":"R",
    "race": 3,
    "is_key": true,
    "last_elected": null,
    "votes": 98765
    }
},
{
"model": "races.candidate",
"pk": 3,
"fields": {
    "name": "Brian M. Boyer",
    "photo": "http://www.pbs.org/idealab/files/BrianBoyer-200pxwide.jpg",
    "party_type":"S",
    "race": 4,
    "is_key": false,
    "last_elected": "2004",
    "votes": 34543
    }
},
{
"model": "races.candidate",
"pk": 4,
"fields": {
    "name": "Ryan T. Mark",
    "photo": "http://www.pbs.org/idealab/files/RyanMark-2-200pxwide.jpg",
    "party_type":"I",
    "race": 4,
    "is_key": false,
    "last_elected": null,
    "votes": 1234567
    }
},
{
"model": "races.candidate",
"pk": 5,
"fields": {
    "name": "Stuart Q. Tiffin, Jr.",
    "photo": "http://www.pbs.org/idealab/files/BrianBoyer-200pxwide.jpg",
    "party_type":"G",
    "race": 1,
    "is_key": false,
    "last_elected": null,
    "votes": 1234
    }
},
{
"model": "races.candidate",
"pk": 6,
"fields": {
    "name": "Kayla Webley",
    "photo": "http://www.pbs.org/idealab/files/RyanMark-2-200pxwide.jpg",
    "party_type":"PF",
    "race": 1,
    "is_key": false,
    "last_elected": null,
    "votes": 1235
    }
},
{
"model": "races.candidate",
"pk": 7,
"fields": {
    "name": "Rich X. Gordon",
    "photo": "http://www.pbs.org/idealab/files/BrianBoyer-200pxwide.jpg",
    "party_type":"L",
    "race": 2,
    "is_key": true,
    "last_elected": null,
    "votes": 29298
    }
},
{
"model": "races.candidate",
"pk": 8,
"fields": {
    "name": "Jeremy T. Gilbert, III",
    "photo": "http://www.pbs.org/idealab/files/RyanMark-2-200pxwide.jpg",
    "party_type":"IP",
    "race": 2,
    "is_key": true,
    "last_elected": null,
    "votes": 39283
    }
},
{
"model": "races.candidate",
"pk": 9,
"fields": {
    "name": "Edward M. 'Ted' Kennedy, Sr.",
    "photo": "http://www.votesmart.org/canphoto/53305.jpg",
    "party_type":"D",
    "race": 7,
    "is_key": true,
    "last_elected": "2001",
    "votes": 1234567
    }
},
{
"model": "races.candidate",
"pk": 10,
"fields": {
    "name": "Jeffrey K. Beatty",
    "photo": "http://www.votesmart.org/canphoto/nophoto.gif",
    "party_type":"E",
    "race": 7,
    "is_key": true,
    "last_elected": null,
    "votes": 98765
    }
},
{
"model": "races.candidate",
"pk": 11,
"fields": {
    "name": "Brian M. Boyer",
    "photo": "http://www.pbs.org/idealab/files/BrianBoyer-200pxwide.jpg",
    "party_type":"S",
    "race": 8,
    "is_key": false,
    "last_elected": "2004",
    "votes": 34543
    }
},
{
"model": "races.candidate",
"pk": 12,
"fields": {
    "name": "Ryan T. Mark",
    "photo": "http://www.pbs.org/idealab/files/RyanMark-2-200pxwide.jpg",
    "party_type":"I",
    "race": 8,
    "is_key": false,
    "last_elected": null,
    "votes": 1234567
    }
},
{
"model": "races.candidate",
"pk": 13,
"fields": {
    "name": "Stuart Q. Tiffin, Jr.",
    "photo": "http://www.pbs.org/idealab/files/BrianBoyer-200pxwide.jpg",
    "party_type":"D",
    "race": 5,
    "is_key": false,
    "last_elected": null,
    "votes": 1234
    }
},
{
"model": "races.candidate",
"pk": 14,
"fields": {
    "name": "Kayla Webley",
    "photo": "http://www.pbs.org/idealab/files/RyanMark-2-200pxwide.jpg",
    "party_type":"D",
    "race": 5,
    "is_key": false,
    "last_elected": null,
    "votes": 1235
    }
},
{
"model": "races.candidate",
"pk": 15,
"fields": {
    "name": "Rich X. Gordon",
    "photo": "http://www.pbs.org/idealab/files/BrianBoyer-200pxwide.jpg",
    "party_type":"D",
    "race": 6,
    "is_key": true,
    "last_elected": null,
    "votes": 29298
    }
},
{
"model": "races.candidate",
"pk": 16,
"fields": {
    "name": "Jeremy T. Gilbert, III",
    "photo": "http://www.pbs.org/idealab/files/RyanMark-2-200pxwide.jpg",
    "party_type":"D",
    "race": 6,
    "is_key": true,
    "last_elected": null,
    "votes": 39283
    }
},
{
"model": "races.candidate",
"pk": 17,
"fields": {
    "name": "Scott Tenerman",
    "photo": "http://www.pbs.org/idealab/files/RyanMark-2-200pxwide.jpg",
    "party_type":"AI",
    "race": 9,
    "is_key": false,
    "last_elected": null,
    "votes": null
    }
},
{
"model": "races.candidate",
"pk": 18,
"fields": {
    "name": "Wendy Testaberger",
    "photo": "http://www.pbs.org/idealab/files/RyanMark-2-200pxwide.jpg",
    "party_type":"L",
    "race": 9,
    "is_key": false,
    "last_elected": null,
    "votes": null
    }
},
{
"model": "races.candidate",
"pk": 19,
"fields": {
    "name": "Leopold \"Butters\" Scotch",
    "photo": "http://www.pbs.org/idealab/files/RyanMark-2-200pxwide.jpg",
    "party_type":"S",
    "race": 9,
    "is_key": false,
    "last_elected": null,
    "votes": null
    }
},
{
"model": "races.candidate",
"pk": 20,
"fields": {
    "name": "Barbara Streisand",
    "photo": "http://www.pbs.org/idealab/files/RyanMark-2-200pxwide.jpg",
    "party_type":"SW",
    "race": 9,
    "is_key": false,
    "last_elected": null,
    "votes": null
    }
},
{
"model": "races.candidate",
"pk": 21,
"fields": {
    "name": "Chief Wiggum",
    "photo": "http://www.pbs.org/idealab/files/RyanMark-2-200pxwide.jpg",
    "party_type":"D",
    "race": 10,
    "is_key": false,
    "last_elected": null,
    "votes": 93893
    }
},
{
"model": "races.candidate",
"pk": 22,
"fields": {
    "name": "Ned \"Hi-di-ho\" Flanders",
    "photo": "http://www.pbs.org/idealab/files/RyanMark-2-200pxwide.jpg",
    "party_type":"R",
    "race": 10,
    "is_key": false,
    "last_elected": null,
    "votes": 12
    }
},
{
"model": "races.candidate",
"pk": 23,
"fields": {
    "name": "Robert U. Terwilliger",
    "photo": "http://havanta.files.wordpress.com/2006/11/side-show-bob.jpg",
    "party_type":"L",
    "race": 10,
    "is_key": false,
    "last_elected": null,
    "votes": 4355435
    }
},
{
"model": "races.candidate",
"pk": 24,
"fields": {
    "name": "C. Montgomery Burns",
    "photo": "http://www.pbs.org/idealab/files/RyanMark-2-200pxwide.jpg",
    "party_type":"AI",
    "race": 10,
    "is_key": false,
    "last_elected": null,
    "votes": 435435
    }
},
{
"model": "races.candidate",
"pk": 25,
"fields": {
    "name": "Lisa Simpson",
    "photo": "http://www.pbs.org/idealab/files/RyanMark-2-200pxwide.jpg",
    "party_type":"G",
    "race": 10,
    "is_key": false,
    "last_elected": null,
    "votes": 8398494
    }
},
{
"model": "races.candidate",
"pk": 26,
"fields": {
    "name": "C. Montgomery Burns",
    "photo": "http://www.pbs.org/idealab/files/RyanMark-2-200pxwide.jpg",
    "party_type":"AI",
    "race": 11,
    "is_key": false,
    "last_elected": null,
    "votes": 93984894
    }
},
{
"model": "endorsements.organization",
"pk": 1,
"fields": {
    "name": "League of Conservation Voters",
    "url": "http://www.lcv.org/"
    }
},
{
"model": "endorsements.organization",
"pk": 2,
"fields": {
    "name": "Sierra Club",
    "url": "http://www.sierraclub.org/"
    }
},
{
"model": "endorsements.endorsement",
"pk": 1,
"fields": {
    "organization": 1,
    "candidate": 1,
    "url": "http://www.lcv.org/campaigns/endorsements/"
    }
},
{
"model": "endorsements.endorsement",
"pk": 2,
"fields": {
    "organization": 2,
    "candidate": 1,
    "url": "http://www.sierraclub.org/politics/endorsements/"
    }
},
{
"model": "endorsements.endorsement",
"pk": 3,
"fields": {
    "organization": 1,
    "candidate": 9,
    "url": "http://www.lcv.org/campaigns/endorsements/"
    }
},
{
"model": "endorsements.endorsement",
"pk": 4,
"fields": {
    "organization": 2,
    "candidate": 9,
    "url": "http://www.sierraclub.org/politics/endorsements/"
    }
},
{
"model": "endorsements.endorsement",
"pk": 5,
"fields": {
    "organization": 1,
    "candidate": 4,
    "url": "http://www.lcv.org/campaigns/endorsements/"
    }
},
{
"model": "endorsements.endorsement",
"pk": 6,
"fields": {
    "organization": 1,
    "candidate": 12,
    "url": "http://www.lcv.org/campaigns/endorsements/"
    }
},
{
"model": "endorsements.endorsement",
"pk": 7,
"fields": {
    "organization": 1,
    "candidate": 19,
    "url": "http://www.lcv.org/campaigns/endorsements/"
    }
},
{
"model": "endorsements.endorsement",
"pk": 8,
"fields": {
    "organization": 1,
    "candidate": 25,
    "url": "http://www.lcv.org/campaigns/endorsements/"
    }
}

]
